<!DOCTYPE hibernate-configuration PUBLIC
        "-//Hibernate/Hibernate Configuration DTD 3.0//EN"
        "http://www.hibernate.org/dtd/hibernate-configuration-3.0.dtd">

<hibernate-configuration>

    <session-factory>
	 	
	 	 <!-- JDBC Database connection settings -->
	 	 <!-- <property name="connection.driver_class">com.mysql.jdbc.Driver</property>
        <property name="connection.url">jdbc:mysql://localhost:3306/hb_student_tracker?useSSL=false&amp;serverTimezone=UTC</property>
        <property name="connection.username">hbstudent</property>
        <property name="connection.password">hbstudent</property> -->
        
	 	 
        
		
        <!-- JDBC connection pool settings ... using built-in test pool -->
        <!-- separate database for one to one mappings -->
         
         <!-- <property name="connection.driver_class">com.mysql.jdbc.Driver</property>
        <property name="connection.url">jdbc:mysql://localhost:3306/hb-01-one-to-one-uni?useSSL=false&amp;serverTimezone=UTC</property>
        <property name="connection.username">root</property>
        <property name="connection.password">root</property> 
          -->  
        <property name="connection.driver_class">com.mysql.jdbc.Driver</property>
        <property name="connection.url">jdbc:mysql://localhost:3306/hb-05-one-to-many?useSSL=false&amp;serverTimezone=UTC</property>
        <property name="connection.username">root</property>
        <property name="connection.password">root</property> 
        
        
        <!-- for every popular database hibernate provide its own dialect -->
        <!--  for oracle database ,oracle dialect-->
        <!-- Select our SQL dialect -->
        <property name="dialect">org.hibernate.dialect.MySQLDialect</property>

        <!-- Echo the SQL to stdout -->
        <property name="show_sql">true</property><!-- sql will be send to console ,ie,hibernate syntax is converted to sql queries using showsql-->

		<!-- Set the current session context -->
		<property name="current_session_context_class">thread</property>
 
    </session-factory>

</hibernate-configuration>