<!DOCTYPE hibernate-configuration PUBLIC
        "-//Hibernate/Hibernate Configuration DTD 3.0//EN"
        "http://www.hibernate.org/dtd/hibernate-configuration-3.0.dtd">

<hibernate-configuration>

    <session-factory>

        <!-- JDBC Database connection settings -->
        <property name="connection.driver_class">com.mysql.jdbc.Driver</property>
        <property name="connection.url">jdbc:mysql://localhost:3306/hb_customer_tracker?useSSL=false&amp;serverTimezone=UTC</property>
        <property name="connection.username">hbcustomer</property>
        <property name="connection.password">hbcustomer</property>

        <!-- JDBC connection pool settings ... using built-in test pool -->
        <!-- for every popular database hibernate provide its own dialect -->
        <!--  for oracle database ,oracle dialect-->
        <!-- Select our SQL dialect -->
        <property name="dialect">org.hibernate.dialect.MySQLDialect</property>

        <!-- Echo the SQL to stdout -->
        <property name="show_sql">true</property><!-- sql will be send to console ,ie,hibernate syntax is converted to sql queries using showsql-->

		<!-- Set the current session context -->
		<property name="current_session_context_class">thread</property>
 
    </session-factory>

</hibernate-configuration>