<?xml version="1.0" encoding="UTF-8"?>
<beans xmlns="http://www.springframework.org/schema/beans"
	xmlns:xsi="http://www.w3.org/2001/XMLSchema-instance"
	xmlns:context="http://www.springframework.org/schema/context"
	xmlns:p="http://www.springframework.org/schema/p"
	xsi:schemaLocation="http://www.springframework.org/schema/beans
    http://www.springframework.org/schema/beans/spring-beans.xsd
    http://www.springframework.org/schema/context
    http://www.springframework.org/schema/context/spring-context.xsd">
	<bean id="scores" class="com.cognizant.springs.Demo.ref.Scores"
		p:maths="90" p:physics="85" p:chemistry="88"/>
	
	<bean id="address" class="com.cognizant.springs.Demo.ref.Address">
	<property name="addressLine" value="sspdl OMR Chennai"/>
	</bean>
	<!--  <bean id="student" class="com.cognizant.springs.Demo.ref.Student"> 
	<property name="id" value="100"/>
	<property name="scores" ref="scores"/>
	<property name="address" ref="address"/>
	</bean> -->
	<bean id="student" class="com.cognizant.springs.Demo.ref.Student" p:id="100" p:scores-ref="scores" p:address-ref="address"/>
	
	

</beans>