<?xml version="1.0" encoding="UTF-8"?>
<beans xmlns="http://www.springframework.org/schema/beans"
	xmlns:xsi="http://www.w3.org/2001/XMLSchema-instance"
	xmlns:context="http://www.springframework.org/schema/context"
	xmlns:mvc="http://www.springframework.org/schema/mvc"
	xsi:schemaLocation="
		http://www.springframework.org/schema/beans
    	http://www.springframework.org/schema/beans/spring-beans.xsd
    	http://www.springframework.org/schema/context
    	http://www.springframework.org/schema/context/spring-context.xsd
    	http://www.springframework.org/schema/mvc
        http://www.springframework.org/schema/mvc/spring-mvc.xsd">

	<context:component-scan
		base-package="com.cognizant.SpringMVCIntercepter" /><!-- Package name of 
		controller,ie there is annotation ,spring container check there for stereotype 
		annotations -->
	<!-- in this package only spring look for stereotype annotations,this packege 
		name is copied from package of controller class -->

	<mvc:annotation-driven />
	<!-- interceptor mapping -->
	<mvc:interceptors>
		<mvc:interceptor>
			<mvc:mapping path="/init" />
			<bean
				class="com.cognizant.SpringMVCIntercepter.Interceptor.InitInterceptor" />

		</mvc:interceptor>

		<mvc:interceptor>
			<mvc:mapping path="/dual" />

			<bean
				class="org.springframework.web.servlet.i18n.LocaleChangeInterceptor">
				<property name="paramName" value="lang"></property>
			</bean>

		</mvc:interceptor>
	</mvc:interceptors>

	<bean id="messageSource" class="org.springframework.context.support.ReloadableResourceBundleMessageSource">
	<property name="basename" value="classpath:messages"/>
	<property name="defaultEncoding" value="UTF-8"/>
	</bean>
	<bean
		class="org.springframework.web.servlet.view.InternalResourceViewResolver">
		<property name="prefix" value="/WEB-INF/view/" />
		<property name="suffix" value=".jsp" />
	</bean>

<bean id="localeResolver" class="org.springframework.web.servlet.i18n.CookieLocaleResolver">
<property name="defaultLocale" value="fr"/><!-- if we give fr,french come first on displaying page,we can give en also -->
<property name="cookieName" value="myAppLocaleCookie"></property>
<property name="cookieMaxAge" value="3600"></property>
</bean>
	

</beans>

