<?xml version="1.0" encoding="UTF-8"?>
<beans xmlns="http://www.springframework.org/schema/beans"
	xmlns:xsi="http://www.w3.org/2001/XMLSchema-instance"
	xmlns:context="http://www.springframework.org/schema/context"
	xmlns:p="http://www.springframework.org/schema/p"
	xsi:schemaLocation="http://www.springframework.org/schema/beans
    http://www.springframework.org/schema/beans/spring-beans.xsd
    http://www.springframework.org/schema/context
    http://www.springframework.org/schema/context/spring-context.xsd">
	<bean id="cal"
		class="com.cognizant.spring_core.props.CountriesAndLanguages">

		<property name="countriesAndLangs">
			<props>
				<prop key="India">Hindi</prop>
				<prop key="USA">English</prop>
				<prop key="China">Simplified Mandarin</prop>
				<prop key="Russia">Russian</prop>
			</props>
		</property>

	</bean>
</beans>