<?xml version="1.0" encoding="UTF-8"?>
<beans xmlns="http://www.springframework.org/schema/beans"
	xmlns:xsi="http://www.w3.org/2001/XMLSchema-instance"
	xmlns:context="http://www.springframework.org/schema/context"
	xmlns:p="http://www.springframework.org/schema/p"
	xsi:schemaLocation="http://www.springframework.org/schema/beans
    http://www.springframework.org/schema/beans/spring-beans.xsd
    http://www.springframework.org/schema/context
    http://www.springframework.org/schema/context/spring-context.xsd">
	<bean id="customer"
		class="com.cognizant.springs.Demo.Map.Customer">

		<property name="name" value="Sweety" />
		<property name="items">
			<map>
				<entry key="200" value="iphone" />
				<entry key="300">
					<value>"macBook"</value>
				</entry>
				<entry value="IPad">
					<key>
						<value>400</value>
					</key>
				</entry>
				<entry>
					<key>
						<value>500</value>
					</key>
					<value>Lenovo</value>
				</entry>
			</map>
		</property>




	</bean>
</beans>