[[{"location":"E:\\Spring\\spring-framework-5.0.2.RELEASE\\libs\\spring-context-5.0.2.RELEASE.jar","type":"JAR","hints":{}},"org.springframework:spring-context:5.0.2"],[{"location":"C:\\sweety_845326\\AdvancedJavaConcepts","type":"PROJECT","hints":{"PROJECT_NAME":"AdvancedJavaConcepts"}},"ABSENT"],[{"location":"C:\\sweety_845326\\samplenulltxt","type":"PROJECT","hints":{"PROJECT_NAME":"samplenulltxt"}},"ABSENT"],[{"location":"C:\\jars\\mysql-connector-java-5.1.47.jar","type":"JAR","hints":{}},"com.mysql.jdbc:com.mysql.jdbc:5.1.47"],[{"location":"C:\\sweety_845326\\TestQns","type":"PROJECT","hints":{"PROJECT_NAME":"TestQns"}},"ABSENT"],[{"location":"C:\\sweety_845326\\AddnCoreJava","type":"PROJECT","hints":{"PROJECT_NAME":"AddnCoreJava"}},"ABSENT"],[{"location":"C:\\sweety_845326\\Sports-App","type":"PROJECT","hints":{"PROJECT_NAME":"Sports-App"}},"ABSENT"],[{"location":"C:\\sweety_845326\\javaproject1","type":"PROJECT","hints":{"PROJECT_NAME":"javaproject1"}},"ABSENT"],[{"location":"C:\\sweety_845326\\Samplequestions","type":"PROJECT","hints":{"PROJECT_NAME":"Samplequestions"}},"ABSENT"],[{"location":"C:\\Program Files\\Java\\jdk1.8.0_221","type":"JRE","hints":{"EXECUTION_ENVIRONMENT":"JavaSE-1.8"}},"jre:jre:1.8.0"]]